task_name,description
Grocery Shopping,Buy vegetables fruits and dairy products for the week
Morning Workout,Complete a 30-minute cardio session at the gym
Office Meeting,Attend the weekly team meeting at 10 AM
Doctor Appointment,Visit Dr. Smith for the annual check-up
Book Reading,Read 50 pages of the current book
Laundry,Wash and fold clothes
Project Deadline,Submit the final project report by EOD
Email Inbox,Clear all unread emails and respond to important ones
Grocery List,Create a list of items needed for the kitchen
Team Presentation,Prepare slides for the upcoming team presentation
Yoga Class,Attend the evening yoga session at the studio
Car Maintenance,Take the car for routine servicing
Budget Planning,Plan the monthly budget and expenses
Client Call,Have a conference call with the new client
Garden Watering,Water the plants in the garden
Weekly Review,Review and plan tasks for the upcoming week
Dinner Reservation,Book a table at the new restaurant in town
Birthday Gift,Buy a birthday gift for Sarah
File Organization,Organize important documents in the cabinet
Guitar Practice,Practice guitar for 1 hour
Pet Grooming,Take the dog to the grooming salon
Online Course,Complete Module 3 of the online marketing course
Grocery Store Visit,Visit the local grocery store for fresh produce
Weekend Trip,Plan the itinerary for the weekend trip
